MT_pep,WT_pep,Gene,tpm,DriverGene_Lable,allele_frequency,tcr_clone_sum,tcr_clone_conut,avg_binding_score
ARPPGPPR,RERDRQDR,USP42,2.79855,False,none,0.014869155000000002,45,0.7490507475555556
TCPGSATAR,TCPRERDRQ,USP42,2.79855,False,none,0.051652216,10,0.6517865709999999
PGARPPGPP,CPRERDRQD,USP42,2.79855,False,none,0.8905135449999999,405,0.8197537708888888
PGARPPGPPR,CPRERDRQDR,USP42,2.79855,False,none,0.109986006,52,0.7123561013461538
RRRTPGAR,RRRTCPRE,USP42,2.79855,False,none,0.023043871999999996,35,0.6967917577142858
RRRTPGARPP,RRRTCPRERD,USP42,2.79855,False,none,0.06696809800000003,62,0.7161700846774195
RRRTPGARPPG,RRRTCPRERDR,USP42,2.79855,False,none,0.012195122,1,0.56833035
RRTPGARP,RRTCPRER,USP42,2.79855,False,none,0.071556203,2,0.63880603
RRTPGARPPG,RRTCPRERDR,USP42,2.79855,False,none,0.000893427,2,0.60458636
RTCPGSATAR,RTCPRERDRQ,USP42,2.79855,False,none,0.10176661199999999,50,0.6166395624
RTPGARPPGP,RTCPRERDRQ,USP42,2.79855,False,none,0.371648253,58,0.7524236656896552
RTPGARPPGPP,RTCPRERDRQD,USP42,2.79855,False,none,0.45151968699999995,70,0.729645004
GARPPGPPR,PRERDRQDR,USP42,2.79855,False,none,0.2677823679999999,55,0.667588446
GARPPGPP,PRERDRQD,USP42,2.79855,False,none,0.162531656,74,0.7707621591891891
LDLLSGLL,LDLYLAYF,NFIX,1.38113,False,none,0.04876802800000001,61,0.640417787704918
TIKELDLL,TIKELDLY,NFIX,1.38113,False,none,0.000191449,1,0.63515127
TIKELDLLSGL,TIKELDLYLAY,NFIX,1.38113,False,none,0.020555044999999994,15,0.6198759340000001
TIKELDLSGL,TIKELDLYLA,NFIX,1.38113,False,none,0.06959079100000001,38,0.6123020694736842
TIKELDLSGLL,TIKELDLYLAY,NFIX,1.38113,False,none,0.021129388999999995,21,0.595398490952381
VTIKELDLL,VTIKELDLY,NFIX,1.38113,False,none,1.625011421,684,0.807647682383041
VTIKELDLLS,VTIKELDLYL,NFIX,1.38113,False,none,0.583906043,287,0.7334061055749129
VTIKELDLLSG,VTIKELDLYLA,NFIX,1.38113,False,none,0.25017575899999994,78,0.6371506382051282
LDLLSGLLCPH,LDLYLAYFVHT,NFIX,1.38113,False,none,0.339792365,210,0.680599329142857
LDLLSGLLCP,LDLYLAYFVH,NFIX,1.38113,False,none,0.001850669,9,0.6890035477777778
KELDLSGLLC,KELDLYLAYF,NFIX,1.38113,False,none,0.553778138,184,0.7020896776086957
KELDLSGLLCP,KELDLYLAYFV,NFIX,1.38113,False,none,0.8303738080000002,306,0.7627962596405228
ELDLLSGLL,ELDLYLAYF,NFIX,1.38113,False,none,0.037861689000000004,7,0.7000681885714286
ELDLSGLL,ELDLYLAY,NFIX,1.38113,False,none,0.061735173000000004,30,0.6998512266666667
ELDLSGLLCPH,ELDLYLAYFVH,NFIX,1.38113,False,none,0.411228048,245,0.693569304
GVTIKELDLL,GVTIKELDLY,NFIX,1.38113,False,none,0.9347962209999999,495,0.7432847621010101
GVTIKELDLLS,GVTIKELDLYL,NFIX,1.38113,False,none,1.0885021090000002,461,0.7305908545119305
GVTIKELDLSG,GVTIKELDLYL,NFIX,1.38113,False,none,0.002425015,8,0.5875697375
IGVTIKELDLL,IGVTIKELDLY,NFIX,1.38113,False,none,0.518194709,183,0.6270637526229508
IGVTIKELDLS,IGVTIKELDLY,NFIX,1.38113,False,none,0.16838984899999998,33,0.5934479515151514
IKELDLLS,IKELDLYL,NFIX,1.38113,False,none,0.0021059329999999995,7,0.5779189614285715
IKELDLLSGL,IKELDLYLAY,NFIX,1.38113,False,none,0.022852424999999996,34,0.6993364014705882
IKELDLLSGLL,IKELDLYLAYF,NFIX,1.38113,False,none,0.007530309,27,0.6731920933333335
IKELDLSGL,IKELDLYLA,NFIX,1.38113,False,none,0.155882308,81,0.6324709825925926
IKELDLSGLL,IKELDLYLAY,NFIX,1.38113,False,none,0.03536662500000001,45,0.6857104848888889
IKELDLSGLLC,IKELDLYLAYF,NFIX,1.38113,False,none,0.004786212999999999,20,0.6753416145
KELDLLSG,KELDLYLA,NFIX,1.38113,False,none,0.882734212,315,0.6988955962539682
KELDLLSGL,KELDLYLAY,NFIX,1.38113,False,none,0.146048383,81,0.6869457074074073
KELDLLSGLL,KELDLYLAYF,NFIX,1.38113,False,none,0.904718798,316,0.7040398056329115
KELDLLSGLLC,KELDLYLAYFV,NFIX,1.38113,False,none,0.773992968,276,0.7307048441304349
KELDLSGL,KELDLYLA,NFIX,1.38113,False,none,0.03880647400000001,35,0.6446619054285714
KELDLSGLL,KELDLYLAY,NFIX,1.38113,False,none,0.097287021,74,0.6836153845945946
VTIKELDLSGL,VTIKELDLYLA,NFIX,1.38113,False,none,0.6484991779999999,208,0.6753744916346153
