#Position,HLA_type,Gene,Transcript_name,Mutation,AA_change,MT_pep,WT_pep,HLA_sequence,tpm,DriverGene_Lable,allele_frequency
chr19:13025522-13025523,HLA-A11:01,NFIX,ENST00000592199,892-893.ctt/cTtt,177.L/LX,LSGLLCPH,LYLAYFVH,YYAMYQENVAQTDVDTLYIIYRDYTWAAQAYRWY,1.38113,False,none
chr7:6154506,HLA-A11:01,USP42,ENST00000306177,3110.tgC/tg,984.C/X,RRRTPGAR,RRRTCPRE,YYAMYQENVAQTDVDTLYIIYRDYTWAAQAYRWY,2.79855,False,none
chr7:6154506,HLA-A11:01,USP42,ENST00000306177,3110.tgC/tg,984.C/X,ARPPGPPR,RERDRQDR,YYAMYQENVAQTDVDTLYIIYRDYTWAAQAYRWY,2.79855,False,none
chr19:13025522-13025523,HLA-A11:01,NFIX,ENST00000592199,892-893.ctt/cTtt,177.L/LX,TIKELDLL,TIKELDLY,YYAMYQENVAQTDVDTLYIIYRDYTWAAQAYRWY,1.38113,False,none
chr19:13025522-13025523,HLA-A11:01,NFIX,ENST00000592199,892-893.ctt/cTtt,177.L/LX,KELDLLSG,KELDLYLA,YYAMYQENVAQTDVDTLYIIYRDYTWAAQAYRWY,1.38113,False,none
chr19:13025522-13025523,HLA-A11:01,NFIX,ENST00000592199,892-893.ctt/cTtt,177.L/LX,LDLLSGLL,LDLYLAYF,YYAMYQENVAQTDVDTLYIIYRDYTWAAQAYRWY,1.38113,False,none
chr19:13025522-13025523,HLA-A11:01,NFIX,ENST00000592199,892-893.ctt/cTtt,177.L/LX,LSGLLCPH,YLAYFVHT,YYAMYQENVAQTDVDTLYIIYRDYTWAAQAYRWY,1.38113,False,none
chr7:6154506,HLA-A33:03,USP42,ENST00000306177,3110.tgC/tg,984.C/X,CPGSATAR,CPRERDRQ,YTAMYRNNVAHIDVDTLYIMYQDYTWAVLAYTWY,2.79855,False,none
chr7:6154506,HLA-A33:03,USP42,ENST00000306177,3110.tgC/tg,984.C/X,RRRTPGAR,RRRTCPRE,YTAMYRNNVAHIDVDTLYIMYQDYTWAVLAYTWY,2.79855,False,none
chr7:6154506,HLA-A33:03,USP42,ENST00000306177,3110.tgC/tg,984.C/X,ARPPGPPR,RERDRQDR,YTAMYRNNVAHIDVDTLYIMYQDYTWAVLAYTWY,2.79855,False,none
chr19:13025522-13025523,HLA-A33:03,NFIX,ENST00000592199,892-893.ctt/cTtt,177.L/LX,TIKELDLL,TIKELDLY,YTAMYRNNVAHIDVDTLYIMYQDYTWAVLAYTWY,1.38113,False,none
chr19:13025522-13025523,HLA-A33:03,NFIX,ENST00000592199,892-893.ctt/cTtt,177.L/LX,KELDLLSG,KELDLYLA,YTAMYRNNVAHIDVDTLYIMYQDYTWAVLAYTWY,1.38113,False,none
chr19:13025522-13025523,HLA-A33:03,NFIX,ENST00000592199,892-893.ctt/cTtt,177.L/LX,LDLLSGLL,LDLYLAYF,YTAMYRNNVAHIDVDTLYIMYQDYTWAVLAYTWY,1.38113,False,none
chr19:13025522-13025523,HLA-B44:03,NFIX,ENST00000592199,892-893.ctt/cTtt,177.L/LX,KELDLSGL,KELDLYLA,YYTKYREISTNTYENTAYIRYDDYTWAVLAYLSY,1.38113,False,none
chr19:13025522-13025523,HLA-B44:03,NFIX,ENST00000592199,892-893.ctt/cTtt,177.L/LX,ELDLSGLL,ELDLYLAY,YYTKYREISTNTYENTAYIRYDDYTWAVLAYLSY,1.38113,False,none
chr19:13025522-13025523,HLA-B44:03,NFIX,ENST00000592199,892-893.ctt/cTtt,177.L/LX,LDLLSGLL,LDLYLAYF,YYTKYREISTNTYENTAYIRYDDYTWAVLAYLSY,1.38113,False,none
chr19:13025522-13025523,HLA-B40:01,NFIX,ENST00000592199,892-893.ctt/cTtt,177.L/LX,KELDLSGL,KELDLYLA,YHTKYREISTNTYESNLYLRYNYYSLAVLAYEWY,1.38113,False,none
chr19:13025522-13025523,HLA-B40:01,NFIX,ENST00000592199,892-893.ctt/cTtt,177.L/LX,ELDLSGLL,ELDLYLAY,YHTKYREISTNTYESNLYLRYNYYSLAVLAYEWY,1.38113,False,none
chr7:6154506,HLA-B40:01,USP42,ENST00000306177,3110.tgC/tg,984.C/X,RRTPGARP,RRTCPRER,YHTKYREISTNTYESNLYLRYNYYSLAVLAYEWY,2.79855,False,none
chr7:6154506,HLA-B40:01,USP42,ENST00000306177,3110.tgC/tg,984.C/X,GARPPGPP,PRERDRQD,YHTKYREISTNTYESNLYLRYNYYSLAVLAYEWY,2.79855,False,none
chr7:6154506,HLA-B40:01,USP42,ENST00000306177,3110.tgC/tg,984.C/X,ARPPGPPR,RERDRQDR,YHTKYREISTNTYESNLYLRYNYYSLAVLAYEWY,2.79855,False,none
chr19:13025522-13025523,HLA-B40:01,NFIX,ENST00000592199,892-893.ctt/cTtt,177.L/LX,TIKELDLL,TIKELDLY,YHTKYREISTNTYESNLYLRYNYYSLAVLAYEWY,1.38113,False,none
chr19:13025522-13025523,HLA-B40:01,NFIX,ENST00000592199,892-893.ctt/cTtt,177.L/LX,IKELDLLS,IKELDLYL,YHTKYREISTNTYESNLYLRYNYYSLAVLAYEWY,1.38113,False,none
chr19:13025522-13025523,HLA-B40:01,NFIX,ENST00000592199,892-893.ctt/cTtt,177.L/LX,KELDLLSG,KELDLYLA,YHTKYREISTNTYESNLYLRYNYYSLAVLAYEWY,1.38113,False,none
chr19:13025522-13025523,HLA-B40:01,NFIX,ENST00000592199,892-893.ctt/cTtt,177.L/LX,ELDLLSGL,ELDLYLAY,YHTKYREISTNTYESNLYLRYNYYSLAVLAYEWY,1.38113,False,none
chr19:13025522-13025523,HLA-B40:01,NFIX,ENST00000592199,892-893.ctt/cTtt,177.L/LX,LDLLSGLL,LDLYLAYF,YHTKYREISTNTYESNLYLRYNYYSLAVLAYEWY,1.38113,False,none
chr7:6154506,HLA-C07:02,USP42,ENST00000306177,3110.tgC/tg,984.C/X,RRTCPGSA,RRTCPRER,YDSGYREKYRQADVSNLYLRSDSYTLAALAYTWY,2.79855,False,none
chr19:13025522-13025523,HLA-C07:02,NFIX,ENST00000592199,892-893.ctt/cTtt,177.L/LX,TIKELDLS,TIKELDLY,YDSGYREKYRQADVSNLYLRSDSYTLAALAYTWY,1.38113,False,none
chr19:13025522-13025523,HLA-C07:02,NFIX,ENST00000592199,892-893.ctt/cTtt,177.L/LX,KELDLSGL,KELDLYLA,YDSGYREKYRQADVSNLYLRSDSYTLAALAYTWY,1.38113,False,none
chr19:13025522-13025523,HLA-C07:02,NFIX,ENST00000592199,892-893.ctt/cTtt,177.L/LX,ELDLSGLL,ELDLYLAY,YDSGYREKYRQADVSNLYLRSDSYTLAALAYTWY,1.38113,False,none
chr7:6154506,HLA-C07:02,USP42,ENST00000306177,3110.tgC/tg,984.C/X,RRRRTPGA,RRRRTCPR,YDSGYREKYRQADVSNLYLRSDSYTLAALAYTWY,2.79855,False,none
chr7:6154506,HLA-C07:02,USP42,ENST00000306177,3110.tgC/tg,984.C/X,RRRTPGAR,RRRTCPRE,YDSGYREKYRQADVSNLYLRSDSYTLAALAYTWY,2.79855,False,none
chr7:6154506,HLA-C07:02,USP42,ENST00000306177,3110.tgC/tg,984.C/X,RRTPGARP,RRTCPRER,YDSGYREKYRQADVSNLYLRSDSYTLAALAYTWY,2.79855,False,none
chr7:6154506,HLA-C07:02,USP42,ENST00000306177,3110.tgC/tg,984.C/X,RTPGARPP,RTCPRERD,YDSGYREKYRQADVSNLYLRSDSYTLAALAYTWY,2.79855,False,none
chr7:6154506,HLA-C07:02,USP42,ENST00000306177,3110.tgC/tg,984.C/X,TPGARPPG,TCPRERDR,YDSGYREKYRQADVSNLYLRSDSYTLAALAYTWY,2.79855,False,none
chr7:6154506,HLA-C07:02,USP42,ENST00000306177,3110.tgC/tg,984.C/X,PGARPPGP,CPRERDRQ,YDSGYREKYRQADVSNLYLRSDSYTLAALAYTWY,2.79855,False,none
chr7:6154506,HLA-C07:02,USP42,ENST00000306177,3110.tgC/tg,984.C/X,GARPPGPP,PRERDRQD,YDSGYREKYRQADVSNLYLRSDSYTLAALAYTWY,2.79855,False,none
chr7:6154506,HLA-C07:02,USP42,ENST00000306177,3110.tgC/tg,984.C/X,ARPPGPPR,RERDRQDR,YDSGYREKYRQADVSNLYLRSDSYTLAALAYTWY,2.79855,False,none
chr19:13025522-13025523,HLA-C07:02,NFIX,ENST00000592199,892-893.ctt/cTtt,177.L/LX,TIKELDLL,TIKELDLY,YDSGYREKYRQADVSNLYLRSDSYTLAALAYTWY,1.38113,False,none
chr19:13025522-13025523,HLA-C07:02,NFIX,ENST00000592199,892-893.ctt/cTtt,177.L/LX,IKELDLLS,IKELDLYL,YDSGYREKYRQADVSNLYLRSDSYTLAALAYTWY,1.38113,False,none
chr19:13025522-13025523,HLA-C07:02,NFIX,ENST00000592199,892-893.ctt/cTtt,177.L/LX,KELDLLSG,KELDLYLA,YDSGYREKYRQADVSNLYLRSDSYTLAALAYTWY,1.38113,False,none
chr19:13025522-13025523,HLA-C07:02,NFIX,ENST00000592199,892-893.ctt/cTtt,177.L/LX,ELDLLSGL,ELDLYLAY,YDSGYREKYRQADVSNLYLRSDSYTLAALAYTWY,1.38113,False,none
chr19:13025522-13025523,HLA-C07:02,NFIX,ENST00000592199,892-893.ctt/cTtt,177.L/LX,LDLLSGLL,LDLYLAYF,YDSGYREKYRQADVSNLYLRSDSYTLAALAYTWY,1.38113,False,none
chr19:13025522-13025523,HLA-C07:02,NFIX,ENST00000592199,892-893.ctt/cTtt,177.L/LX,DLLSGLLC,DLYLAYFV,YDSGYREKYRQADVSNLYLRSDSYTLAALAYTWY,1.38113,False,none
chr19:13025522-13025523,HLA-C07:02,NFIX,ENST00000592199,892-893.ctt/cTtt,177.L/LX,LLSGLLCP,LYLAYFVH,YDSGYREKYRQADVSNLYLRSDSYTLAALAYTWY,1.38113,False,none
chr7:6154506,HLA-C14:03,USP42,ENST00000306177,3110.tgC/tg,984.C/X,GSATARTA,RERDRQDR,YSAGYREKYRQTDVSNLYLWFDSYTWAERAYTWY,2.79855,False,none
chr19:13025522-13025523,HLA-C14:03,NFIX,ENST00000592199,892-893.ctt/cTtt,177.L/LX,ELDLSGLL,ELDLYLAY,YSAGYREKYRQTDVSNLYLWFDSYTWAERAYTWY,1.38113,False,none
chr7:6154506,HLA-C14:03,USP42,ENST00000306177,3110.tgC/tg,984.C/X,GARPPGPP,PRERDRQD,YSAGYREKYRQTDVSNLYLWFDSYTWAERAYTWY,2.79855,False,none
chr19:13025522-13025523,HLA-C14:03,NFIX,ENST00000592199,892-893.ctt/cTtt,177.L/LX,TIKELDLL,TIKELDLY,YSAGYREKYRQTDVSNLYLWFDSYTWAERAYTWY,1.38113,False,none
chr7:6154506,HLA-A11:01,USP42,ENST00000306177,3110.tgC/tg,984.C/X,TCPGSATAR,TCPRERDRQ,YYAMYQENVAQTDVDTLYIIYRDYTWAAQAYRWY,2.79855,False,none
chr7:6154506,HLA-A11:01,USP42,ENST00000306177,3110.tgC/tg,984.C/X,GARPPGPPR,PRERDRQDR,YYAMYQENVAQTDVDTLYIIYRDYTWAAQAYRWY,2.79855,False,none
chr19:13025522-13025523,HLA-A11:01,NFIX,ENST00000592199,892-893.ctt/cTtt,177.L/LX,VTIKELDLL,VTIKELDLY,YYAMYQENVAQTDVDTLYIIYRDYTWAAQAYRWY,1.38113,False,none
chr19:13025522-13025523,HLA-A11:01,NFIX,ENST00000592199,892-893.ctt/cTtt,177.L/LX,TIKELDLLS,TIKELDLYL,YYAMYQENVAQTDVDTLYIIYRDYTWAAQAYRWY,1.38113,False,none
chr7:6154506,HLA-A33:03,USP42,ENST00000306177,3110.tgC/tg,984.C/X,TCPGSATAR,TCPRERDRQ,YTAMYRNNVAHIDVDTLYIMYQDYTWAVLAYTWY,2.79855,False,none
chr7:6154506,HLA-A33:03,USP42,ENST00000306177,3110.tgC/tg,984.C/X,RRRRTPGAR,RRRRTCPRE,YTAMYRNNVAHIDVDTLYIMYQDYTWAVLAYTWY,2.79855,False,none
chr7:6154506,HLA-A33:03,USP42,ENST00000306177,3110.tgC/tg,984.C/X,GARPPGPPR,PRERDRQDR,YTAMYRNNVAHIDVDTLYIMYQDYTWAVLAYTWY,2.79855,False,none
chr19:13025522-13025523,HLA-A33:03,NFIX,ENST00000592199,892-893.ctt/cTtt,177.L/LX,VTIKELDLL,VTIKELDLY,YTAMYRNNVAHIDVDTLYIMYQDYTWAVLAYTWY,1.38113,False,none
chr19:13025522-13025523,HLA-B44:03,NFIX,ENST00000592199,892-893.ctt/cTtt,177.L/LX,KELDLSGLL,KELDLYLAY,YYTKYREISTNTYENTAYIRYDDYTWAVLAYLSY,1.38113,False,none
chr7:6154506,HLA-B44:03,USP42,ENST00000306177,3110.tgC/tg,984.C/X,GARPPGPPR,PRERDRQDR,YYTKYREISTNTYENTAYIRYDDYTWAVLAYLSY,2.79855,False,none
chr19:13025522-13025523,HLA-B44:03,NFIX,ENST00000592199,892-893.ctt/cTtt,177.L/LX,KELDLLSGL,KELDLYLAY,YYTKYREISTNTYENTAYIRYDDYTWAVLAYLSY,1.38113,False,none
chr19:13025522-13025523,HLA-B44:03,NFIX,ENST00000592199,892-893.ctt/cTtt,177.L/LX,ELDLLSGLL,ELDLYLAYF,YYTKYREISTNTYENTAYIRYDDYTWAVLAYLSY,1.38113,False,none
chr19:13025522-13025523,HLA-B40:01,NFIX,ENST00000592199,892-893.ctt/cTtt,177.L/LX,IKELDLSGL,IKELDLYLA,YHTKYREISTNTYESNLYLRYNYYSLAVLAYEWY,1.38113,False,none
chr19:13025522-13025523,HLA-B40:01,NFIX,ENST00000592199,892-893.ctt/cTtt,177.L/LX,KELDLSGLL,KELDLYLAY,YHTKYREISTNTYESNLYLRYNYYSLAVLAYEWY,1.38113,False,none
chr7:6154506,HLA-B40:01,USP42,ENST00000306177,3110.tgC/tg,984.C/X,RRRTPGARP,RRRTCPRER,YHTKYREISTNTYESNLYLRYNYYSLAVLAYEWY,2.79855,False,none
chr7:6154506,HLA-B40:01,USP42,ENST00000306177,3110.tgC/tg,984.C/X,RRTPGARPP,RRTCPRERD,YHTKYREISTNTYESNLYLRYNYYSLAVLAYEWY,2.79855,False,none
chr7:6154506,HLA-B40:01,USP42,ENST00000306177,3110.tgC/tg,984.C/X,PGARPPGPP,CPRERDRQD,YHTKYREISTNTYESNLYLRYNYYSLAVLAYEWY,2.79855,False,none
chr7:6154506,HLA-B40:01,USP42,ENST00000306177,3110.tgC/tg,984.C/X,GARPPGPPR,PRERDRQDR,YHTKYREISTNTYESNLYLRYNYYSLAVLAYEWY,2.79855,False,none
chr19:13025522-13025523,HLA-B40:01,NFIX,ENST00000592199,892-893.ctt/cTtt,177.L/LX,VTIKELDLL,VTIKELDLY,YHTKYREISTNTYESNLYLRYNYYSLAVLAYEWY,1.38113,False,none
chr19:13025522-13025523,HLA-B40:01,NFIX,ENST00000592199,892-893.ctt/cTtt,177.L/LX,KELDLLSGL,KELDLYLAY,YHTKYREISTNTYESNLYLRYNYYSLAVLAYEWY,1.38113,False,none
chr19:13025522-13025523,HLA-B40:01,NFIX,ENST00000592199,892-893.ctt/cTtt,177.L/LX,ELDLLSGLL,ELDLYLAYF,YHTKYREISTNTYESNLYLRYNYYSLAVLAYEWY,1.38113,False,none
chr7:6154506,HLA-C07:02,USP42,ENST00000306177,3110.tgC/tg,984.C/X,RRTCPGSAT,RRTCPRERD,YDSGYREKYRQADVSNLYLRSDSYTLAALAYTWY,2.79855,False,none
chr7:6154506,HLA-C07:02,USP42,ENST00000306177,3110.tgC/tg,984.C/X,RTCPGSATA,RTCPRERDR,YDSGYREKYRQADVSNLYLRSDSYTLAALAYTWY,2.79855,False,none
chr19:13025522-13025523,HLA-C07:02,NFIX,ENST00000592199,892-893.ctt/cTtt,177.L/LX,VTIKELDLS,VTIKELDLY,YDSGYREKYRQADVSNLYLRSDSYTLAALAYTWY,1.38113,False,none
chr19:13025522-13025523,HLA-C07:02,NFIX,ENST00000592199,892-893.ctt/cTtt,177.L/LX,IKELDLSGL,IKELDLYLA,YDSGYREKYRQADVSNLYLRSDSYTLAALAYTWY,1.38113,False,none
chr19:13025522-13025523,HLA-C07:02,NFIX,ENST00000592199,892-893.ctt/cTtt,177.L/LX,KELDLSGLL,KELDLYLAY,YDSGYREKYRQADVSNLYLRSDSYTLAALAYTWY,1.38113,False,none
chr19:13025522-13025523,HLA-C07:02,NFIX,ENST00000592199,892-893.ctt/cTtt,177.L/LX,ELDLSGLLC,ELDLYLAYF,YDSGYREKYRQADVSNLYLRSDSYTLAALAYTWY,1.38113,False,none
chr19:13025522-13025523,HLA-C07:02,NFIX,ENST00000592199,892-893.ctt/cTtt,177.L/LX,LDLSGLLCP,LDLYLAYFV,YDSGYREKYRQADVSNLYLRSDSYTLAALAYTWY,1.38113,False,none
chr7:6154506,HLA-C07:02,USP42,ENST00000306177,3110.tgC/tg,984.C/X,RRRTPGARP,RRRTCPRER,YDSGYREKYRQADVSNLYLRSDSYTLAALAYTWY,2.79855,False,none
chr7:6154506,HLA-C07:02,USP42,ENST00000306177,3110.tgC/tg,984.C/X,RRTPGARPP,RRTCPRERD,YDSGYREKYRQADVSNLYLRSDSYTLAALAYTWY,2.79855,False,none
chr7:6154506,HLA-C07:02,USP42,ENST00000306177,3110.tgC/tg,984.C/X,TPGARPPGP,TCPRERDRQ,YDSGYREKYRQADVSNLYLRSDSYTLAALAYTWY,2.79855,False,none
chr7:6154506,HLA-C07:02,USP42,ENST00000306177,3110.tgC/tg,984.C/X,PGARPPGPP,CPRERDRQD,YDSGYREKYRQADVSNLYLRSDSYTLAALAYTWY,2.79855,False,none
chr7:6154506,HLA-C07:02,USP42,ENST00000306177,3110.tgC/tg,984.C/X,GARPPGPPR,PRERDRQDR,YDSGYREKYRQADVSNLYLRSDSYTLAALAYTWY,2.79855,False,none
chr19:13025522-13025523,HLA-C07:02,NFIX,ENST00000592199,892-893.ctt/cTtt,177.L/LX,VTIKELDLL,VTIKELDLY,YDSGYREKYRQADVSNLYLRSDSYTLAALAYTWY,1.38113,False,none
chr19:13025522-13025523,HLA-C07:02,NFIX,ENST00000592199,892-893.ctt/cTtt,177.L/LX,TIKELDLLS,TIKELDLYL,YDSGYREKYRQADVSNLYLRSDSYTLAALAYTWY,1.38113,False,none
chr19:13025522-13025523,HLA-C07:02,NFIX,ENST00000592199,892-893.ctt/cTtt,177.L/LX,IKELDLLSG,IKELDLYLA,YDSGYREKYRQADVSNLYLRSDSYTLAALAYTWY,1.38113,False,none
chr19:13025522-13025523,HLA-C07:02,NFIX,ENST00000592199,892-893.ctt/cTtt,177.L/LX,KELDLLSGL,KELDLYLAY,YDSGYREKYRQADVSNLYLRSDSYTLAALAYTWY,1.38113,False,none
chr19:13025522-13025523,HLA-C07:02,NFIX,ENST00000592199,892-893.ctt/cTtt,177.L/LX,ELDLLSGLL,ELDLYLAYF,YDSGYREKYRQADVSNLYLRSDSYTLAALAYTWY,1.38113,False,none
chr19:13025522-13025523,HLA-C07:02,NFIX,ENST00000592199,892-893.ctt/cTtt,177.L/LX,LDLLSGLLC,LDLYLAYFV,YDSGYREKYRQADVSNLYLRSDSYTLAALAYTWY,1.38113,False,none
chr19:13025522-13025523,HLA-C14:03,NFIX,ENST00000592199,892-893.ctt/cTtt,177.L/LX,IKELDLSGL,IKELDLYLA,YSAGYREKYRQTDVSNLYLWFDSYTWAERAYTWY,1.38113,False,none
chr7:6154506,HLA-C14:03,USP42,ENST00000306177,3110.tgC/tg,984.C/X,TPGARPPGP,TCPRERDRQ,YSAGYREKYRQTDVSNLYLWFDSYTWAERAYTWY,2.79855,False,none
chr7:6154506,HLA-C14:03,USP42,ENST00000306177,3110.tgC/tg,984.C/X,PGARPPGPP,CPRERDRQD,YSAGYREKYRQTDVSNLYLWFDSYTWAERAYTWY,2.79855,False,none
chr7:6154506,HLA-C14:03,USP42,ENST00000306177,3110.tgC/tg,984.C/X,GARPPGPPR,PRERDRQDR,YSAGYREKYRQTDVSNLYLWFDSYTWAERAYTWY,2.79855,False,none
chr19:13025522-13025523,HLA-C14:03,NFIX,ENST00000592199,892-893.ctt/cTtt,177.L/LX,VTIKELDLL,VTIKELDLY,YSAGYREKYRQTDVSNLYLWFDSYTWAERAYTWY,1.38113,False,none
chr19:13025522-13025523,HLA-C14:03,NFIX,ENST00000592199,892-893.ctt/cTtt,177.L/LX,ELDLLSGLL,ELDLYLAYF,YSAGYREKYRQTDVSNLYLWFDSYTWAERAYTWY,1.38113,False,none
chr7:6154506,HLA-A11:01,USP42,ENST00000306177,3110.tgC/tg,984.C/X,RTCPGSATAR,RTCPRERDRQ,YYAMYQENVAQTDVDTLYIIYRDYTWAAQAYRWY,2.79855,False,none
chr19:13025522-13025523,HLA-A11:01,NFIX,ENST00000592199,892-893.ctt/cTtt,177.L/LX,VTIKELDLSG,VTIKELDLYL,YYAMYQENVAQTDVDTLYIIYRDYTWAAQAYRWY,1.38113,False,none
chr19:13025522-13025523,HLA-A11:01,NFIX,ENST00000592199,892-893.ctt/cTtt,177.L/LX,TIKELDLSGL,TIKELDLYLA,YYAMYQENVAQTDVDTLYIIYRDYTWAAQAYRWY,1.38113,False,none
chr7:6154506,HLA-A11:01,USP42,ENST00000306177,3110.tgC/tg,984.C/X,RRRTPGARPP,RRRTCPRERD,YYAMYQENVAQTDVDTLYIIYRDYTWAAQAYRWY,2.79855,False,none
chr7:6154506,HLA-A11:01,USP42,ENST00000306177,3110.tgC/tg,984.C/X,PGARPPGPPR,CPRERDRQDR,YYAMYQENVAQTDVDTLYIIYRDYTWAAQAYRWY,2.79855,False,none
chr19:13025522-13025523,HLA-A11:01,NFIX,ENST00000592199,892-893.ctt/cTtt,177.L/LX,GVTIKELDLL,GVTIKELDLY,YYAMYQENVAQTDVDTLYIIYRDYTWAAQAYRWY,1.38113,False,none
chr19:13025522-13025523,HLA-A11:01,NFIX,ENST00000592199,892-893.ctt/cTtt,177.L/LX,VTIKELDLLS,VTIKELDLYL,YYAMYQENVAQTDVDTLYIIYRDYTWAAQAYRWY,1.38113,False,none
chr19:13025522-13025523,HLA-A11:01,NFIX,ENST00000592199,892-893.ctt/cTtt,177.L/LX,TIKELDLLSG,TIKELDLYLA,YYAMYQENVAQTDVDTLYIIYRDYTWAAQAYRWY,1.38113,False,none
chr7:6154506,HLA-A33:03,USP42,ENST00000306177,3110.tgC/tg,984.C/X,RTCPGSATAR,RTCPRERDRQ,YTAMYRNNVAHIDVDTLYIMYQDYTWAVLAYTWY,2.79855,False,none
chr19:13025522-13025523,HLA-A33:03,NFIX,ENST00000592199,892-893.ctt/cTtt,177.L/LX,TIKELDLSGL,TIKELDLYLA,YTAMYRNNVAHIDVDTLYIMYQDYTWAVLAYTWY,1.38113,False,none
chr7:6154506,HLA-A33:03,USP42,ENST00000306177,3110.tgC/tg,984.C/X,RRRTPGARPP,RRRTCPRERD,YTAMYRNNVAHIDVDTLYIMYQDYTWAVLAYTWY,2.79855,False,none
chr7:6154506,HLA-A33:03,USP42,ENST00000306177,3110.tgC/tg,984.C/X,PGARPPGPPR,CPRERDRQDR,YTAMYRNNVAHIDVDTLYIMYQDYTWAVLAYTWY,2.79855,False,none
chr19:13025522-13025523,HLA-A33:03,NFIX,ENST00000592199,892-893.ctt/cTtt,177.L/LX,GVTIKELDLL,GVTIKELDLY,YTAMYRNNVAHIDVDTLYIMYQDYTWAVLAYTWY,1.38113,False,none
chr19:13025522-13025523,HLA-A33:03,NFIX,ENST00000592199,892-893.ctt/cTtt,177.L/LX,VTIKELDLLS,VTIKELDLYL,YTAMYRNNVAHIDVDTLYIMYQDYTWAVLAYTWY,1.38113,False,none
chr19:13025522-13025523,HLA-A33:03,NFIX,ENST00000592199,892-893.ctt/cTtt,177.L/LX,TIKELDLLSG,TIKELDLYLA,YTAMYRNNVAHIDVDTLYIMYQDYTWAVLAYTWY,1.38113,False,none
chr19:13025522-13025523,HLA-A33:03,NFIX,ENST00000592199,892-893.ctt/cTtt,177.L/LX,IKELDLLSGL,IKELDLYLAY,YTAMYRNNVAHIDVDTLYIMYQDYTWAVLAYTWY,1.38113,False,none
chr19:13025522-13025523,HLA-B44:03,NFIX,ENST00000592199,892-893.ctt/cTtt,177.L/LX,IKELDLSGLL,IKELDLYLAY,YYTKYREISTNTYENTAYIRYDDYTWAVLAYLSY,1.38113,False,none
chr7:6154506,HLA-B44:03,USP42,ENST00000306177,3110.tgC/tg,984.C/X,PGARPPGPPR,CPRERDRQDR,YYTKYREISTNTYENTAYIRYDDYTWAVLAYLSY,2.79855,False,none
chr19:13025522-13025523,HLA-B44:03,NFIX,ENST00000592199,892-893.ctt/cTtt,177.L/LX,IKELDLLSGL,IKELDLYLAY,YYTKYREISTNTYENTAYIRYDDYTWAVLAYLSY,1.38113,False,none
chr19:13025522-13025523,HLA-B44:03,NFIX,ENST00000592199,892-893.ctt/cTtt,177.L/LX,KELDLLSGLL,KELDLYLAYF,YYTKYREISTNTYENTAYIRYDDYTWAVLAYLSY,1.38113,False,none
chr19:13025522-13025523,HLA-B40:01,NFIX,ENST00000592199,892-893.ctt/cTtt,177.L/LX,TIKELDLSGL,TIKELDLYLA,YHTKYREISTNTYESNLYLRYNYYSLAVLAYEWY,1.38113,False,none
chr19:13025522-13025523,HLA-B40:01,NFIX,ENST00000592199,892-893.ctt/cTtt,177.L/LX,IKELDLSGLL,IKELDLYLAY,YHTKYREISTNTYESNLYLRYNYYSLAVLAYEWY,1.38113,False,none
chr19:13025522-13025523,HLA-B40:01,NFIX,ENST00000592199,892-893.ctt/cTtt,177.L/LX,KELDLSGLLC,KELDLYLAYF,YHTKYREISTNTYESNLYLRYNYYSLAVLAYEWY,1.38113,False,none
chr7:6154506,HLA-B40:01,USP42,ENST00000306177,3110.tgC/tg,984.C/X,RRRRTPGARP,RRRRTCPRER,YHTKYREISTNTYESNLYLRYNYYSLAVLAYEWY,2.79855,False,none
chr7:6154506,HLA-B40:01,USP42,ENST00000306177,3110.tgC/tg,984.C/X,RRRTPGARPP,RRRTCPRERD,YHTKYREISTNTYESNLYLRYNYYSLAVLAYEWY,2.79855,False,none
chr7:6154506,HLA-B40:01,USP42,ENST00000306177,3110.tgC/tg,984.C/X,RRTPGARPPG,RRTCPRERDR,YHTKYREISTNTYESNLYLRYNYYSLAVLAYEWY,2.79855,False,none
chr7:6154506,HLA-B40:01,USP42,ENST00000306177,3110.tgC/tg,984.C/X,TPGARPPGPP,TCPRERDRQD,YHTKYREISTNTYESNLYLRYNYYSLAVLAYEWY,2.79855,False,none
chr7:6154506,HLA-B40:01,USP42,ENST00000306177,3110.tgC/tg,984.C/X,PGARPPGPPR,CPRERDRQDR,YHTKYREISTNTYESNLYLRYNYYSLAVLAYEWY,2.79855,False,none
chr19:13025522-13025523,HLA-B40:01,NFIX,ENST00000592199,892-893.ctt/cTtt,177.L/LX,GVTIKELDLL,GVTIKELDLY,YHTKYREISTNTYESNLYLRYNYYSLAVLAYEWY,1.38113,False,none
chr19:13025522-13025523,HLA-B40:01,NFIX,ENST00000592199,892-893.ctt/cTtt,177.L/LX,IKELDLLSGL,IKELDLYLAY,YHTKYREISTNTYESNLYLRYNYYSLAVLAYEWY,1.38113,False,none
chr19:13025522-13025523,HLA-B40:01,NFIX,ENST00000592199,892-893.ctt/cTtt,177.L/LX,KELDLLSGLL,KELDLYLAYF,YHTKYREISTNTYESNLYLRYNYYSLAVLAYEWY,1.38113,False,none
chr19:13025522-13025523,HLA-B40:01,NFIX,ENST00000592199,892-893.ctt/cTtt,177.L/LX,LDLLSGLLCP,LDLYLAYFVH,YHTKYREISTNTYESNLYLRYNYYSLAVLAYEWY,1.38113,False,none
chr7:6154506,HLA-C07:02,USP42,ENST00000306177,3110.tgC/tg,984.C/X,RRTCPGSATA,RRTCPRERDR,YDSGYREKYRQADVSNLYLRSDSYTLAALAYTWY,2.79855,False,none
chr19:13025522-13025523,HLA-C07:02,NFIX,ENST00000592199,892-893.ctt/cTtt,177.L/LX,GVTIKELDLS,GVTIKELDLY,YDSGYREKYRQADVSNLYLRSDSYTLAALAYTWY,1.38113,False,none
chr19:13025522-13025523,HLA-C07:02,NFIX,ENST00000592199,892-893.ctt/cTtt,177.L/LX,VTIKELDLSG,VTIKELDLYL,YDSGYREKYRQADVSNLYLRSDSYTLAALAYTWY,1.38113,False,none
chr19:13025522-13025523,HLA-C07:02,NFIX,ENST00000592199,892-893.ctt/cTtt,177.L/LX,TIKELDLSGL,TIKELDLYLA,YDSGYREKYRQADVSNLYLRSDSYTLAALAYTWY,1.38113,False,none
chr19:13025522-13025523,HLA-C07:02,NFIX,ENST00000592199,892-893.ctt/cTtt,177.L/LX,IKELDLSGLL,IKELDLYLAY,YDSGYREKYRQADVSNLYLRSDSYTLAALAYTWY,1.38113,False,none
chr19:13025522-13025523,HLA-C07:02,NFIX,ENST00000592199,892-893.ctt/cTtt,177.L/LX,KELDLSGLLC,KELDLYLAYF,YDSGYREKYRQADVSNLYLRSDSYTLAALAYTWY,1.38113,False,none
chr19:13025522-13025523,HLA-C07:02,NFIX,ENST00000592199,892-893.ctt/cTtt,177.L/LX,ELDLSGLLCP,ELDLYLAYFV,YDSGYREKYRQADVSNLYLRSDSYTLAALAYTWY,1.38113,False,none
chr7:6154506,HLA-C07:02,USP42,ENST00000306177,3110.tgC/tg,984.C/X,RRRRTPGARP,RRRRTCPRER,YDSGYREKYRQADVSNLYLRSDSYTLAALAYTWY,2.79855,False,none
chr7:6154506,HLA-C07:02,USP42,ENST00000306177,3110.tgC/tg,984.C/X,RRRTPGARPP,RRRTCPRERD,YDSGYREKYRQADVSNLYLRSDSYTLAALAYTWY,2.79855,False,none
chr7:6154506,HLA-C07:02,USP42,ENST00000306177,3110.tgC/tg,984.C/X,RRTPGARPPG,RRTCPRERDR,YDSGYREKYRQADVSNLYLRSDSYTLAALAYTWY,2.79855,False,none
chr7:6154506,HLA-C07:02,USP42,ENST00000306177,3110.tgC/tg,984.C/X,RTPGARPPGP,RTCPRERDRQ,YDSGYREKYRQADVSNLYLRSDSYTLAALAYTWY,2.79855,False,none
chr7:6154506,HLA-C07:02,USP42,ENST00000306177,3110.tgC/tg,984.C/X,TPGARPPGPP,TCPRERDRQD,YDSGYREKYRQADVSNLYLRSDSYTLAALAYTWY,2.79855,False,none
chr7:6154506,HLA-C07:02,USP42,ENST00000306177,3110.tgC/tg,984.C/X,PGARPPGPPR,CPRERDRQDR,YDSGYREKYRQADVSNLYLRSDSYTLAALAYTWY,2.79855,False,none
chr19:13025522-13025523,HLA-C07:02,NFIX,ENST00000592199,892-893.ctt/cTtt,177.L/LX,GVTIKELDLL,GVTIKELDLY,YDSGYREKYRQADVSNLYLRSDSYTLAALAYTWY,1.38113,False,none
chr19:13025522-13025523,HLA-C07:02,NFIX,ENST00000592199,892-893.ctt/cTtt,177.L/LX,VTIKELDLLS,VTIKELDLYL,YDSGYREKYRQADVSNLYLRSDSYTLAALAYTWY,1.38113,False,none
chr19:13025522-13025523,HLA-C07:02,NFIX,ENST00000592199,892-893.ctt/cTtt,177.L/LX,TIKELDLLSG,TIKELDLYLA,YDSGYREKYRQADVSNLYLRSDSYTLAALAYTWY,1.38113,False,none
chr19:13025522-13025523,HLA-C07:02,NFIX,ENST00000592199,892-893.ctt/cTtt,177.L/LX,IKELDLLSGL,IKELDLYLAY,YDSGYREKYRQADVSNLYLRSDSYTLAALAYTWY,1.38113,False,none
chr19:13025522-13025523,HLA-C07:02,NFIX,ENST00000592199,892-893.ctt/cTtt,177.L/LX,KELDLLSGLL,KELDLYLAYF,YDSGYREKYRQADVSNLYLRSDSYTLAALAYTWY,1.38113,False,none
chr19:13025522-13025523,HLA-C07:02,NFIX,ENST00000592199,892-893.ctt/cTtt,177.L/LX,ELDLLSGLLC,ELDLYLAYFV,YDSGYREKYRQADVSNLYLRSDSYTLAALAYTWY,1.38113,False,none
chr19:13025522-13025523,HLA-C07:02,NFIX,ENST00000592199,892-893.ctt/cTtt,177.L/LX,LDLLSGLLCP,LDLYLAYFVH,YDSGYREKYRQADVSNLYLRSDSYTLAALAYTWY,1.38113,False,none
chr19:13025522-13025523,HLA-C14:03,NFIX,ENST00000592199,892-893.ctt/cTtt,177.L/LX,TIKELDLSGL,TIKELDLYLA,YSAGYREKYRQTDVSNLYLWFDSYTWAERAYTWY,1.38113,False,none
chr19:13025522-13025523,HLA-C14:03,NFIX,ENST00000592199,892-893.ctt/cTtt,177.L/LX,IKELDLSGLL,IKELDLYLAY,YSAGYREKYRQTDVSNLYLWFDSYTWAERAYTWY,1.38113,False,none
chr7:6154506,HLA-C14:03,USP42,ENST00000306177,3110.tgC/tg,984.C/X,RRRTPGARPP,RRRTCPRERD,YSAGYREKYRQTDVSNLYLWFDSYTWAERAYTWY,2.79855,False,none
chr7:6154506,HLA-C14:03,USP42,ENST00000306177,3110.tgC/tg,984.C/X,RTPGARPPGP,RTCPRERDRQ,YSAGYREKYRQTDVSNLYLWFDSYTWAERAYTWY,2.79855,False,none
chr7:6154506,HLA-C14:03,USP42,ENST00000306177,3110.tgC/tg,984.C/X,TPGARPPGPP,TCPRERDRQD,YSAGYREKYRQTDVSNLYLWFDSYTWAERAYTWY,2.79855,False,none
chr7:6154506,HLA-C14:03,USP42,ENST00000306177,3110.tgC/tg,984.C/X,PGARPPGPPR,CPRERDRQDR,YSAGYREKYRQTDVSNLYLWFDSYTWAERAYTWY,2.79855,False,none
chr19:13025522-13025523,HLA-C14:03,NFIX,ENST00000592199,892-893.ctt/cTtt,177.L/LX,GVTIKELDLL,GVTIKELDLY,YSAGYREKYRQTDVSNLYLWFDSYTWAERAYTWY,1.38113,False,none
chr19:13025522-13025523,HLA-C14:03,NFIX,ENST00000592199,892-893.ctt/cTtt,177.L/LX,VTIKELDLLS,VTIKELDLYL,YSAGYREKYRQTDVSNLYLWFDSYTWAERAYTWY,1.38113,False,none
chr19:13025522-13025523,HLA-C14:03,NFIX,ENST00000592199,892-893.ctt/cTtt,177.L/LX,IKELDLLSGL,IKELDLYLAY,YSAGYREKYRQTDVSNLYLWFDSYTWAERAYTWY,1.38113,False,none
chr19:13025522-13025523,HLA-C14:03,NFIX,ENST00000592199,892-893.ctt/cTtt,177.L/LX,KELDLLSGLL,KELDLYLAYF,YSAGYREKYRQTDVSNLYLWFDSYTWAERAYTWY,1.38113,False,none
chr19:13025522-13025523,HLA-A11:01,NFIX,ENST00000592199,892-893.ctt/cTtt,177.L/LX,VTIKELDLSGL,VTIKELDLYLA,YYAMYQENVAQTDVDTLYIIYRDYTWAAQAYRWY,1.38113,False,none
chr19:13025522-13025523,HLA-A11:01,NFIX,ENST00000592199,892-893.ctt/cTtt,177.L/LX,TIKELDLSGLL,TIKELDLYLAY,YYAMYQENVAQTDVDTLYIIYRDYTWAAQAYRWY,1.38113,False,none
chr19:13025522-13025523,HLA-A11:01,NFIX,ENST00000592199,892-893.ctt/cTtt,177.L/LX,ELDLSGLLCPH,ELDLYLAYFVH,YYAMYQENVAQTDVDTLYIIYRDYTWAAQAYRWY,1.38113,False,none
chr7:6154506,HLA-A11:01,USP42,ENST00000306177,3110.tgC/tg,984.C/X,RTPGARPPGPP,RTCPRERDRQD,YYAMYQENVAQTDVDTLYIIYRDYTWAAQAYRWY,2.79855,False,none
chr7:6154506,HLA-A11:01,USP42,ENST00000306177,3110.tgC/tg,984.C/X,TPGARPPGPPR,TCPRERDRQDR,YYAMYQENVAQTDVDTLYIIYRDYTWAAQAYRWY,2.79855,False,none
chr19:13025522-13025523,HLA-A11:01,NFIX,ENST00000592199,892-893.ctt/cTtt,177.L/LX,GVTIKELDLLS,GVTIKELDLYL,YYAMYQENVAQTDVDTLYIIYRDYTWAAQAYRWY,1.38113,False,none
chr19:13025522-13025523,HLA-A11:01,NFIX,ENST00000592199,892-893.ctt/cTtt,177.L/LX,VTIKELDLLSG,VTIKELDLYLA,YYAMYQENVAQTDVDTLYIIYRDYTWAAQAYRWY,1.38113,False,none
chr19:13025522-13025523,HLA-A11:01,NFIX,ENST00000592199,892-893.ctt/cTtt,177.L/LX,TIKELDLLSGL,TIKELDLYLAY,YYAMYQENVAQTDVDTLYIIYRDYTWAAQAYRWY,1.38113,False,none
chr19:13025522-13025523,HLA-A11:01,NFIX,ENST00000592199,892-893.ctt/cTtt,177.L/LX,IKELDLLSGLL,IKELDLYLAYF,YYAMYQENVAQTDVDTLYIIYRDYTWAAQAYRWY,1.38113,False,none
chr19:13025522-13025523,HLA-A33:03,NFIX,ENST00000592199,892-893.ctt/cTtt,177.L/LX,VTIKELDLSGL,VTIKELDLYLA,YTAMYRNNVAHIDVDTLYIMYQDYTWAVLAYTWY,1.38113,False,none
chr19:13025522-13025523,HLA-A33:03,NFIX,ENST00000592199,892-893.ctt/cTtt,177.L/LX,TIKELDLSGLL,TIKELDLYLAY,YTAMYRNNVAHIDVDTLYIMYQDYTWAVLAYTWY,1.38113,False,none
chr19:13025522-13025523,HLA-A33:03,NFIX,ENST00000592199,892-893.ctt/cTtt,177.L/LX,ELDLSGLLCPH,ELDLYLAYFVH,YTAMYRNNVAHIDVDTLYIMYQDYTWAVLAYTWY,1.38113,False,none
chr7:6154506,HLA-A33:03,USP42,ENST00000306177,3110.tgC/tg,984.C/X,RHRRRRTPGAR,RHRRRRTCPRE,YTAMYRNNVAHIDVDTLYIMYQDYTWAVLAYTWY,2.79855,False,none
chr7:6154506,HLA-A33:03,USP42,ENST00000306177,3110.tgC/tg,984.C/X,RRRRTPGARPP,RRRRTCPRERD,YTAMYRNNVAHIDVDTLYIMYQDYTWAVLAYTWY,2.79855,False,none
chr7:6154506,HLA-A33:03,USP42,ENST00000306177,3110.tgC/tg,984.C/X,RRRTPGARPPG,RRRTCPRERDR,YTAMYRNNVAHIDVDTLYIMYQDYTWAVLAYTWY,2.79855,False,none
chr7:6154506,HLA-A33:03,USP42,ENST00000306177,3110.tgC/tg,984.C/X,RTPGARPPGPP,RTCPRERDRQD,YTAMYRNNVAHIDVDTLYIMYQDYTWAVLAYTWY,2.79855,False,none
chr7:6154506,HLA-A33:03,USP42,ENST00000306177,3110.tgC/tg,984.C/X,TPGARPPGPPR,TCPRERDRQDR,YTAMYRNNVAHIDVDTLYIMYQDYTWAVLAYTWY,2.79855,False,none
chr19:13025522-13025523,HLA-A33:03,NFIX,ENST00000592199,892-893.ctt/cTtt,177.L/LX,IGVTIKELDLL,IGVTIKELDLY,YTAMYRNNVAHIDVDTLYIMYQDYTWAVLAYTWY,1.38113,False,none
chr19:13025522-13025523,HLA-A33:03,NFIX,ENST00000592199,892-893.ctt/cTtt,177.L/LX,GVTIKELDLLS,GVTIKELDLYL,YTAMYRNNVAHIDVDTLYIMYQDYTWAVLAYTWY,1.38113,False,none
chr19:13025522-13025523,HLA-A33:03,NFIX,ENST00000592199,892-893.ctt/cTtt,177.L/LX,VTIKELDLLSG,VTIKELDLYLA,YTAMYRNNVAHIDVDTLYIMYQDYTWAVLAYTWY,1.38113,False,none
chr19:13025522-13025523,HLA-A33:03,NFIX,ENST00000592199,892-893.ctt/cTtt,177.L/LX,TIKELDLLSGL,TIKELDLYLAY,YTAMYRNNVAHIDVDTLYIMYQDYTWAVLAYTWY,1.38113,False,none
chr19:13025522-13025523,HLA-A33:03,NFIX,ENST00000592199,892-893.ctt/cTtt,177.L/LX,IKELDLLSGLL,IKELDLYLAYF,YTAMYRNNVAHIDVDTLYIMYQDYTWAVLAYTWY,1.38113,False,none
chr19:13025522-13025523,HLA-A33:03,NFIX,ENST00000592199,892-893.ctt/cTtt,177.L/LX,LDLLSGLLCPH,LDLYLAYFVHT,YTAMYRNNVAHIDVDTLYIMYQDYTWAVLAYTWY,1.38113,False,none
chr19:13025522-13025523,HLA-B44:03,NFIX,ENST00000592199,892-893.ctt/cTtt,177.L/LX,VTIKELDLSGL,VTIKELDLYLA,YYTKYREISTNTYENTAYIRYDDYTWAVLAYLSY,1.38113,False,none
chr19:13025522-13025523,HLA-B44:03,NFIX,ENST00000592199,892-893.ctt/cTtt,177.L/LX,TIKELDLSGLL,TIKELDLYLAY,YYTKYREISTNTYENTAYIRYDDYTWAVLAYLSY,1.38113,False,none
chr7:6154506,HLA-B44:03,USP42,ENST00000306177,3110.tgC/tg,984.C/X,TPGARPPGPPR,TCPRERDRQDR,YYTKYREISTNTYENTAYIRYDDYTWAVLAYLSY,2.79855,False,none
chr19:13025522-13025523,HLA-B44:03,NFIX,ENST00000592199,892-893.ctt/cTtt,177.L/LX,IGVTIKELDLL,IGVTIKELDLY,YYTKYREISTNTYENTAYIRYDDYTWAVLAYLSY,1.38113,False,none
chr19:13025522-13025523,HLA-B44:03,NFIX,ENST00000592199,892-893.ctt/cTtt,177.L/LX,TIKELDLLSGL,TIKELDLYLAY,YYTKYREISTNTYENTAYIRYDDYTWAVLAYLSY,1.38113,False,none
chr19:13025522-13025523,HLA-B44:03,NFIX,ENST00000592199,892-893.ctt/cTtt,177.L/LX,IKELDLLSGLL,IKELDLYLAYF,YYTKYREISTNTYENTAYIRYDDYTWAVLAYLSY,1.38113,False,none
chr19:13025522-13025523,HLA-B40:01,NFIX,ENST00000592199,892-893.ctt/cTtt,177.L/LX,IGVTIKELDLS,IGVTIKELDLY,YHTKYREISTNTYESNLYLRYNYYSLAVLAYEWY,1.38113,False,none
chr19:13025522-13025523,HLA-B40:01,NFIX,ENST00000592199,892-893.ctt/cTtt,177.L/LX,VTIKELDLSGL,VTIKELDLYLA,YHTKYREISTNTYESNLYLRYNYYSLAVLAYEWY,1.38113,False,none
chr19:13025522-13025523,HLA-B40:01,NFIX,ENST00000592199,892-893.ctt/cTtt,177.L/LX,TIKELDLSGLL,TIKELDLYLAY,YHTKYREISTNTYESNLYLRYNYYSLAVLAYEWY,1.38113,False,none
chr19:13025522-13025523,HLA-B40:01,NFIX,ENST00000592199,892-893.ctt/cTtt,177.L/LX,IKELDLSGLLC,IKELDLYLAYF,YHTKYREISTNTYESNLYLRYNYYSLAVLAYEWY,1.38113,False,none
chr19:13025522-13025523,HLA-B40:01,NFIX,ENST00000592199,892-893.ctt/cTtt,177.L/LX,KELDLSGLLCP,KELDLYLAYFV,YHTKYREISTNTYESNLYLRYNYYSLAVLAYEWY,1.38113,False,none
chr7:6154506,HLA-B40:01,USP42,ENST00000306177,3110.tgC/tg,984.C/X,RRRTPGARPPG,RRRTCPRERDR,YHTKYREISTNTYESNLYLRYNYYSLAVLAYEWY,2.79855,False,none
chr7:6154506,HLA-B40:01,USP42,ENST00000306177,3110.tgC/tg,984.C/X,RRTPGARPPGP,RRTCPRERDRQ,YHTKYREISTNTYESNLYLRYNYYSLAVLAYEWY,2.79855,False,none
chr7:6154506,HLA-B40:01,USP42,ENST00000306177,3110.tgC/tg,984.C/X,TPGARPPGPPR,TCPRERDRQDR,YHTKYREISTNTYESNLYLRYNYYSLAVLAYEWY,2.79855,False,none
chr19:13025522-13025523,HLA-B40:01,NFIX,ENST00000592199,892-893.ctt/cTtt,177.L/LX,IGVTIKELDLL,IGVTIKELDLY,YHTKYREISTNTYESNLYLRYNYYSLAVLAYEWY,1.38113,False,none
chr19:13025522-13025523,HLA-B40:01,NFIX,ENST00000592199,892-893.ctt/cTtt,177.L/LX,GVTIKELDLLS,GVTIKELDLYL,YHTKYREISTNTYESNLYLRYNYYSLAVLAYEWY,1.38113,False,none
chr19:13025522-13025523,HLA-B40:01,NFIX,ENST00000592199,892-893.ctt/cTtt,177.L/LX,TIKELDLLSGL,TIKELDLYLAY,YHTKYREISTNTYESNLYLRYNYYSLAVLAYEWY,1.38113,False,none
chr19:13025522-13025523,HLA-B40:01,NFIX,ENST00000592199,892-893.ctt/cTtt,177.L/LX,IKELDLLSGLL,IKELDLYLAYF,YHTKYREISTNTYESNLYLRYNYYSLAVLAYEWY,1.38113,False,none
chr19:13025522-13025523,HLA-B40:01,NFIX,ENST00000592199,892-893.ctt/cTtt,177.L/LX,KELDLLSGLLC,KELDLYLAYFV,YHTKYREISTNTYESNLYLRYNYYSLAVLAYEWY,1.38113,False,none
chr19:13025522-13025523,HLA-B40:01,NFIX,ENST00000592199,892-893.ctt/cTtt,177.L/LX,LDLLSGLLCPH,LDLYLAYFVHT,YHTKYREISTNTYESNLYLRYNYYSLAVLAYEWY,1.38113,False,none
chr7:6154506,HLA-C07:02,USP42,ENST00000306177,3110.tgC/tg,984.C/X,RRRTCPGSATA,RRRTCPRERDR,YDSGYREKYRQADVSNLYLRSDSYTLAALAYTWY,2.79855,False,none
chr7:6154506,HLA-C07:02,USP42,ENST00000306177,3110.tgC/tg,984.C/X,TCPGSATARTA,TCPRERDRQDR,YDSGYREKYRQADVSNLYLRSDSYTLAALAYTWY,2.79855,False,none
chr19:13025522-13025523,HLA-C07:02,NFIX,ENST00000592199,892-893.ctt/cTtt,177.L/LX,IGVTIKELDLS,IGVTIKELDLY,YDSGYREKYRQADVSNLYLRSDSYTLAALAYTWY,1.38113,False,none
chr19:13025522-13025523,HLA-C07:02,NFIX,ENST00000592199,892-893.ctt/cTtt,177.L/LX,GVTIKELDLSG,GVTIKELDLYL,YDSGYREKYRQADVSNLYLRSDSYTLAALAYTWY,1.38113,False,none
chr19:13025522-13025523,HLA-C07:02,NFIX,ENST00000592199,892-893.ctt/cTtt,177.L/LX,VTIKELDLSGL,VTIKELDLYLA,YDSGYREKYRQADVSNLYLRSDSYTLAALAYTWY,1.38113,False,none
chr19:13025522-13025523,HLA-C07:02,NFIX,ENST00000592199,892-893.ctt/cTtt,177.L/LX,TIKELDLSGLL,TIKELDLYLAY,YDSGYREKYRQADVSNLYLRSDSYTLAALAYTWY,1.38113,False,none
chr19:13025522-13025523,HLA-C07:02,NFIX,ENST00000592199,892-893.ctt/cTtt,177.L/LX,IKELDLSGLLC,IKELDLYLAYF,YDSGYREKYRQADVSNLYLRSDSYTLAALAYTWY,1.38113,False,none
chr19:13025522-13025523,HLA-C07:02,NFIX,ENST00000592199,892-893.ctt/cTtt,177.L/LX,KELDLSGLLCP,KELDLYLAYFV,YDSGYREKYRQADVSNLYLRSDSYTLAALAYTWY,1.38113,False,none
chr19:13025522-13025523,HLA-C07:02,NFIX,ENST00000592199,892-893.ctt/cTtt,177.L/LX,ELDLSGLLCPH,ELDLYLAYFVH,YDSGYREKYRQADVSNLYLRSDSYTLAALAYTWY,1.38113,False,none
chr7:6154506,HLA-C07:02,USP42,ENST00000306177,3110.tgC/tg,984.C/X,RRRRTPGARPP,RRRRTCPRERD,YDSGYREKYRQADVSNLYLRSDSYTLAALAYTWY,2.79855,False,none
chr7:6154506,HLA-C07:02,USP42,ENST00000306177,3110.tgC/tg,984.C/X,RRRTPGARPPG,RRRTCPRERDR,YDSGYREKYRQADVSNLYLRSDSYTLAALAYTWY,2.79855,False,none
chr7:6154506,HLA-C07:02,USP42,ENST00000306177,3110.tgC/tg,984.C/X,RRTPGARPPGP,RRTCPRERDRQ,YDSGYREKYRQADVSNLYLRSDSYTLAALAYTWY,2.79855,False,none
chr7:6154506,HLA-C07:02,USP42,ENST00000306177,3110.tgC/tg,984.C/X,RTPGARPPGPP,RTCPRERDRQD,YDSGYREKYRQADVSNLYLRSDSYTLAALAYTWY,2.79855,False,none
chr7:6154506,HLA-C07:02,USP42,ENST00000306177,3110.tgC/tg,984.C/X,TPGARPPGPPR,TCPRERDRQDR,YDSGYREKYRQADVSNLYLRSDSYTLAALAYTWY,2.79855,False,none
chr19:13025522-13025523,HLA-C07:02,NFIX,ENST00000592199,892-893.ctt/cTtt,177.L/LX,IGVTIKELDLL,IGVTIKELDLY,YDSGYREKYRQADVSNLYLRSDSYTLAALAYTWY,1.38113,False,none
chr19:13025522-13025523,HLA-C07:02,NFIX,ENST00000592199,892-893.ctt/cTtt,177.L/LX,GVTIKELDLLS,GVTIKELDLYL,YDSGYREKYRQADVSNLYLRSDSYTLAALAYTWY,1.38113,False,none
chr19:13025522-13025523,HLA-C07:02,NFIX,ENST00000592199,892-893.ctt/cTtt,177.L/LX,VTIKELDLLSG,VTIKELDLYLA,YDSGYREKYRQADVSNLYLRSDSYTLAALAYTWY,1.38113,False,none
chr19:13025522-13025523,HLA-C07:02,NFIX,ENST00000592199,892-893.ctt/cTtt,177.L/LX,TIKELDLLSGL,TIKELDLYLAY,YDSGYREKYRQADVSNLYLRSDSYTLAALAYTWY,1.38113,False,none
chr19:13025522-13025523,HLA-C07:02,NFIX,ENST00000592199,892-893.ctt/cTtt,177.L/LX,IKELDLLSGLL,IKELDLYLAYF,YDSGYREKYRQADVSNLYLRSDSYTLAALAYTWY,1.38113,False,none
chr19:13025522-13025523,HLA-C07:02,NFIX,ENST00000592199,892-893.ctt/cTtt,177.L/LX,KELDLLSGLLC,KELDLYLAYFV,YDSGYREKYRQADVSNLYLRSDSYTLAALAYTWY,1.38113,False,none
chr19:13025522-13025523,HLA-C07:02,NFIX,ENST00000592199,892-893.ctt/cTtt,177.L/LX,ELDLLSGLLCP,ELDLYLAYFVH,YDSGYREKYRQADVSNLYLRSDSYTLAALAYTWY,1.38113,False,none
chr19:13025522-13025523,HLA-C07:02,NFIX,ENST00000592199,892-893.ctt/cTtt,177.L/LX,LDLLSGLLCPH,LDLYLAYFVHT,YDSGYREKYRQADVSNLYLRSDSYTLAALAYTWY,1.38113,False,none
chr19:13025522-13025523,HLA-C14:03,NFIX,ENST00000592199,892-893.ctt/cTtt,177.L/LX,GVTIKELDLSG,GVTIKELDLYL,YSAGYREKYRQTDVSNLYLWFDSYTWAERAYTWY,1.38113,False,none
chr19:13025522-13025523,HLA-C14:03,NFIX,ENST00000592199,892-893.ctt/cTtt,177.L/LX,VTIKELDLSGL,VTIKELDLYLA,YSAGYREKYRQTDVSNLYLWFDSYTWAERAYTWY,1.38113,False,none
chr19:13025522-13025523,HLA-C14:03,NFIX,ENST00000592199,892-893.ctt/cTtt,177.L/LX,TIKELDLSGLL,TIKELDLYLAY,YSAGYREKYRQTDVSNLYLWFDSYTWAERAYTWY,1.38113,False,none
chr19:13025522-13025523,HLA-C14:03,NFIX,ENST00000592199,892-893.ctt/cTtt,177.L/LX,IKELDLSGLLC,IKELDLYLAYF,YSAGYREKYRQTDVSNLYLWFDSYTWAERAYTWY,1.38113,False,none
chr19:13025522-13025523,HLA-C14:03,NFIX,ENST00000592199,892-893.ctt/cTtt,177.L/LX,ELDLSGLLCPH,ELDLYLAYFVH,YSAGYREKYRQTDVSNLYLWFDSYTWAERAYTWY,1.38113,False,none
chr7:6154506,HLA-C14:03,USP42,ENST00000306177,3110.tgC/tg,984.C/X,RTPGARPPGPP,RTCPRERDRQD,YSAGYREKYRQTDVSNLYLWFDSYTWAERAYTWY,2.79855,False,none
chr7:6154506,HLA-C14:03,USP42,ENST00000306177,3110.tgC/tg,984.C/X,TPGARPPGPPR,TCPRERDRQDR,YSAGYREKYRQTDVSNLYLWFDSYTWAERAYTWY,2.79855,False,none
chr19:13025522-13025523,HLA-C14:03,NFIX,ENST00000592199,892-893.ctt/cTtt,177.L/LX,IGVTIKELDLL,IGVTIKELDLY,YSAGYREKYRQTDVSNLYLWFDSYTWAERAYTWY,1.38113,False,none
chr19:13025522-13025523,HLA-C14:03,NFIX,ENST00000592199,892-893.ctt/cTtt,177.L/LX,GVTIKELDLLS,GVTIKELDLYL,YSAGYREKYRQTDVSNLYLWFDSYTWAERAYTWY,1.38113,False,none
chr19:13025522-13025523,HLA-C14:03,NFIX,ENST00000592199,892-893.ctt/cTtt,177.L/LX,VTIKELDLLSG,VTIKELDLYLA,YSAGYREKYRQTDVSNLYLWFDSYTWAERAYTWY,1.38113,False,none
chr19:13025522-13025523,HLA-C14:03,NFIX,ENST00000592199,892-893.ctt/cTtt,177.L/LX,TIKELDLLSGL,TIKELDLYLAY,YSAGYREKYRQTDVSNLYLWFDSYTWAERAYTWY,1.38113,False,none
chr19:13025522-13025523,HLA-C14:03,NFIX,ENST00000592199,892-893.ctt/cTtt,177.L/LX,IKELDLLSGLL,IKELDLYLAYF,YSAGYREKYRQTDVSNLYLWFDSYTWAERAYTWY,1.38113,False,none
